variable,mean_overall,n_country,s_overall
man.ph,7.59739329946491,12,0.426941784259966
man.dm,5.98665292194972,12,1.43138437333908
air.temp.24,13.4001974437606,12,2.54603318729471
wind.24,2.20078785341671,12,0.954286622909182
rain.rate.24,0.0758999494815671,12,0.15710861741364
